product_id,brand,strength,resolved_ingredients,combination,form,aliases,reviewer_verdict,reviewer_comment
acitrom-1,Acitrom,1,Acenocoumarol 1 mg,,tablet,,,
acitrom-2,Acitrom,2,Acenocoumarol 2 mg,,tablet,,,
acitrom-3,Acitrom,3,Acenocoumarol 3 mg,,tablet,,,
acitrom-4,Acitrom,4,Acenocoumarol 4 mg,,tablet,,,
adaferin-0-1,Adaferin,0.1,Adapalene 0.1 %,,gel,,,
admenta-10,Admenta,10,Memantine 10 mg,,tablet,,,
admenta-5,Admenta,5,Memantine 5 mg,,tablet,,,
afinitor-10,Afinitor,10,Everolimus 10 mg,,tablet,,,
afinitor-2-5,Afinitor,2.5,Everolimus 2.5 mg,,tablet,,,
afinitor-5,Afinitor,5,Everolimus 5 mg,,tablet,,,
aldactone-100,Aldactone,100,Spironolactone 100 mg,,tablet,,,
aldactone-25,Aldactone,25,Spironolactone 25 mg,,tablet,,,
aldactone-50,Aldactone,50,Spironolactone 50 mg,,tablet,,,
alecensa-150,Alecensa,150,Alectinib 150 mg,,tablet,,,
alerid-10,Alerid,10,Cetirizine 10 mg,,tablet,,,
allegra-120,Allegra,120,Fexofenadine 120 mg,,tablet,,,
allegra-180,Allegra,180,Fexofenadine 180 mg,,tablet,,,
alprax-0-25,Alprax,0.25,Alprazolam 0.25 mg,,tablet,,,
alprax-0-5,Alprax,0.5,Alprazolam 0.5 mg,,tablet,,,
alprax-1,Alprax,1,Alprazolam 1 mg,,tablet,,,
alunbrig-180,Alunbrig,180,Brigatinib 180 mg,,tablet,,,
alunbrig-30,Alunbrig,30,Brigatinib 30 mg,,tablet,,,
alunbrig-90,Alunbrig,90,Brigatinib 90 mg,,tablet,,,
amaryl-1,Amaryl,1,Glimepiride 1 mg,,tablet,,,
amaryl-2,Amaryl,2,Glimepiride 2 mg,,tablet,,,
amaryl-3,Amaryl,3,Glimepiride 3 mg,,tablet,,,
amaryl-4,Amaryl,4,Glimepiride 4 mg,,tablet,,,
amaryl-m-1-500,Amaryl M,1/500,Glimepiride 1 mg + Metformin 500 mg,COMBINATION,tablet,glycomet gp; zoryl m,,
amaryl-m-2-1000,Amaryl M,2/1000,Glimepiride 2 mg + Metformin 1000 mg,COMBINATION,tablet,glycomet gp; zoryl m,,
amaryl-m-2-500,Amaryl M,2/500,Glimepiride 2 mg + Metformin 500 mg,COMBINATION,tablet,glycomet gp; zoryl m,,
ambrolite-30,Ambrolite,30,Ambroxol 30 mg,,tablet,,,
amiodar-100,Amiodar,100,Amiodarone 100 mg,,tablet,,,
amiodar-200,Amiodar,200,Amiodarone 200 mg,,tablet,,,
amitone-10,Amitone,10,Amitriptyline 10 mg,,tablet,,,
amitone-25,Amitone,25,Amitriptyline 25 mg,,tablet,,,
amlodac-10,Amlodac,10,Amlodipine 10 mg,,tablet,,,
amlodac-2-5,Amlodac,2.5,Amlodipine 2.5 mg,,tablet,,,
amlodac-5,Amlodac,5,Amlodipine 5 mg,,tablet,,,
amlong-10,Amlong,10,Amlodipine 10 mg,,tablet,,,
amlong-2-5,Amlong,2.5,Amlodipine 2.5 mg,,tablet,,,
amlong-5,Amlong,5,Amlodipine 5 mg,,tablet,,,
amlopres-10,Amlopres,10,Amlodipine 10 mg,,tablet,,,
amlopres-2-5,Amlopres,2.5,Amlodipine 2.5 mg,,tablet,,,
amlopres-5,Amlopres,5,Amlodipine 5 mg,,tablet,,,
amlovas-10,Amlovas,10,Amlodipine 10 mg,,tablet,,,
amlovas-2-5,Amlovas,2.5,Amlodipine 2.5 mg,,tablet,,,
amlovas-5,Amlovas,5,Amlodipine 5 mg,,tablet,,,
angizem-120,Angizem,120,Diltiazem 120 mg,,tablet,,,
angizem-30,Angizem,30,Diltiazem 30 mg,,tablet,,,
angizem-60,Angizem,60,Diltiazem 60 mg,,tablet,,,
angizem-90,Angizem,90,Diltiazem 90 mg,,tablet,,,
apixabid-2-5,Apixabid,2.5,Apixaban 2.5 mg,,tablet,,,
apixabid-5,Apixabid,5,Apixaban 5 mg,,tablet,,,
aprecap-125,Aprecap,125,Aprepitant 125 mg,,tablet,,,
aprecap-80,Aprecap,80,Aprepitant 80 mg,,tablet,,,
aquazide-12-5,Aquazide,12.5,Hydrochlorothiazide 12.5 mg,,tablet,,,
aquazide-25,Aquazide,25,Hydrochlorothiazide 25 mg,,tablet,,,
armotraz-1,Armotraz,1,Anastrozole 1 mg,,tablet,,,
asomex-1-25,Asomex,1.25,S-Amlodipine 1.25 mg,,tablet,,,
asomex-2-5,Asomex,2.5,S-Amlodipine 2.5 mg,,tablet,,,
asomex-5,Asomex,5,S-Amlodipine 5 mg,,tablet,,,
asthalin-2,Asthalin,2,Salbutamol 2 mg,,inhaler,,,
asthalin-4,Asthalin,4,Salbutamol 4 mg,,inhaler,,,
atacand-16,Atacand,16,Candesartan 16 mg,,tablet,,,
atacand-4,Atacand,4,Candesartan 4 mg,,tablet,,,
atacand-8,Atacand,8,Candesartan 8 mg,,tablet,,,
atarax-10,Atarax,10,Hydroxyzine 10 mg,,tablet,,,
atarax-25,Atarax,25,Hydroxyzine 25 mg,,tablet,,,
aten-100,Aten,100,Atenolol 100 mg,,tablet,,,
aten-25,Aten,25,Atenolol 25 mg,,tablet,,,
aten-50,Aten,50,Atenolol 50 mg,,tablet,,,
atorlip-10,Atorlip,10,Atorvastatin 10 mg,,tablet,,,
atorlip-20,Atorlip,20,Atorvastatin 20 mg,,tablet,,,
atorlip-40,Atorlip,40,Atorvastatin 40 mg,,tablet,,,
atorlip-5,Atorlip,5,Atorvastatin 5 mg,,tablet,,,
atorlip-80,Atorlip,80,Atorvastatin 80 mg,,tablet,,,
atorlip-ez-10-10,Atorlip EZ,10/10,Atorvastatin 10 mg + Ezetimibe 10 mg,COMBINATION,tablet,,,
atorlip-ez-20-10,Atorlip EZ,20/10,Atorvastatin 20 mg + Ezetimibe 10 mg,COMBINATION,tablet,,,
atorva-10,Atorva,10,Atorvastatin 10 mg,,tablet,,,
atorva-20,Atorva,20,Atorvastatin 20 mg,,tablet,,,
atorva-40,Atorva,40,Atorvastatin 40 mg,,tablet,,,
atorva-5,Atorva,5,Atorvastatin 5 mg,,tablet,,,
atorva-80,Atorva,80,Atorvastatin 80 mg,,tablet,,,
augmentin-1000,Augmentin,1000,Amoxicillin 1000 mg,,tablet,,,
augmentin-500,Augmentin,500,Amoxicillin 500 mg,,tablet,,,
augmentin-625,Augmentin,625,Amoxicillin 625 mg,,tablet,,,
axcer-60,Axcer,60,Ticagrelor 60 mg,,tablet,,,
axcer-90,Axcer,90,Ticagrelor 90 mg,,tablet,,,
azilday-20,Azilday,20,Azilsartan 20 mg,,tablet,,,
azilday-40,Azilday,40,Azilsartan 40 mg,,tablet,,,
azilday-80,Azilday,80,Azilsartan 80 mg,,tablet,,,
azithral-250,Azithral,250,Azithromycin 250 mg,,tablet,,,
azithral-500,Azithral,500,Azithromycin 500 mg,,tablet,,,
azmarda-24-26,Azmarda,24/26,Sacubitril 24 mg + Valsartan 26 mg,COMBINATION,tablet,,,
azmarda-49-51,Azmarda,49/51,Sacubitril 49 mg + Valsartan 51 mg,COMBINATION,tablet,,,
azmarda-97-103,Azmarda,97/103,Sacubitril 97 mg + Valsartan 103 mg,COMBINATION,tablet,,,
aztor-10,Aztor,10,Atorvastatin 10 mg,,tablet,,,
aztor-20,Aztor,20,Atorvastatin 20 mg,,tablet,,,
aztor-40,Aztor,40,Atorvastatin 40 mg,,tablet,,,
aztor-5,Aztor,5,Atorvastatin 5 mg,,tablet,,,
aztor-80,Aztor,80,Atorvastatin 80 mg,,tablet,,,
baclon-10,Baclon,10,Baclofen 10 mg,,tablet,,,
baclon-25,Baclon,25,Baclofen 25 mg,,tablet,,,
benalgis-100,Benalgis,100,Thiamine 100 mg,,tablet,,,
betacard-25,Betacard,25,Atenolol 25 mg,,tablet,,,
betacard-50,Betacard,50,Atenolol 50 mg,,tablet,,,
betaloc-100,Betaloc,100,Metoprolol tartrate 100 mg,,tablet,,,
betaloc-25,Betaloc,25,Metoprolol tartrate 25 mg,,tablet,,,
betaloc-50,Betaloc,50,Metoprolol tartrate 50 mg,,tablet,,,
betnovate-0-1,Betnovate,0.1,Betamethasone (topical) 0.1 %,,cream,,,
bisoheart-10,Bisoheart,10,Bisoprolol 10 mg,,tablet,,,
bisoheart-2-5,Bisoheart,2.5,Bisoprolol 2.5 mg,,tablet,,,
bisoheart-5,Bisoheart,5,Bisoprolol 5 mg,,tablet,,,
brilinta-60,Brilinta,60,Ticagrelor 60 mg,,tablet,,,
brilinta-90,Brilinta,90,Ticagrelor 90 mg,,tablet,,,
brimochek-0-15,Brimochek,0.15,Brimonidine (eye drop) 0.15 %,,eye drop,,,
brufen-200,Brufen,200,Ibuprofen 200 mg,,tablet,,,
brufen-400,Brufen,400,Ibuprofen 400 mg,,tablet,,,
brufen-600,Brufen,600,Ibuprofen 600 mg,,tablet,,,
brukinsa-80,Brukinsa,80,Zanubrutinib 80 mg,,tablet,,,
budecort-100,Budecort,100,Budesonide 100 mcg,,inhaler,,,
budecort-200,Budecort,200,Budesonide 200 mcg,,inhaler,,,
budecort-400,Budecort,400,Budesonide 400 mcg,,inhaler,,,
cabometyx-20,Cabometyx,20,Cabozantinib 20 mg,,tablet,,,
cabometyx-40,Cabometyx,40,Cabozantinib 40 mg,,tablet,,,
cabometyx-60,Cabometyx,60,Cabozantinib 60 mg,,tablet,,,
caladryl-8,Caladryl,8,Calamine 8 %,,lotion,,,
calaptin-120,Calaptin,120,Verapamil 120 mg,,tablet,,,
calaptin-240,Calaptin,240,Verapamil 240 mg,,tablet,,,
calaptin-40,Calaptin,40,Verapamil 40 mg,,tablet,,,
calaptin-80,Calaptin,80,Verapamil 80 mg,,tablet,,,
calquence-100,Calquence,100,Acalabrutinib 100 mg,,tablet,,,
calutide-50,Calutide,50,Bicalutamide 50 mg,,tablet,,,
candesar-16,Candesar,16,Candesartan 16 mg,,tablet,,,
candesar-4,Candesar,4,Candesartan 4 mg,,tablet,,,
candesar-8,Candesar,8,Candesartan 8 mg,,tablet,,,
candid-1,Candid,1,Clotrimazole (topical) 1 %,,cream,,,
capegard-500,Capegard,500,Capecitabine 500 mg,,tablet,,,
caprelsa-100,Caprelsa,100,Vandetanib 100 mg,,tablet,,,
caprelsa-300,Caprelsa,300,Vandetanib 300 mg,,tablet,,,
carca-12-5,Carca,12.5,Carvedilol 12.5 mg,,tablet,,,
carca-25,Carca,25,Carvedilol 25 mg,,tablet,,,
carca-3-125,Carca,3.125,Carvedilol 3.125 mg,,tablet,,,
carca-6-25,Carca,6.25,Carvedilol 6.25 mg,,tablet,,,
cardace-1-25,Cardace,1.25,Ramipril 1.25 mg,,tablet,,,
cardace-10,Cardace,10,Ramipril 10 mg,,tablet,,,
cardace-2-5,Cardace,2.5,Ramipril 2.5 mg,,tablet,,,
cardace-5,Cardace,5,Ramipril 5 mg,,tablet,,,
cardace-am-2-5-5,Cardace AM,2.5/5,Ramipril 2.5 mg + Amlodipine 5 mg,COMBINATION,tablet,,,
cardace-am-5-5,Cardace AM,5/5,Ramipril 5 mg + Amlodipine 5 mg,COMBINATION,tablet,,,
cardioxane-500,Cardioxane,500,Dexrazoxane 500 mg,,injection,,,
cardivas-12-5,Cardivas,12.5,Carvedilol 12.5 mg,,tablet,,,
cardivas-25,Cardivas,25,Carvedilol 25 mg,,tablet,,,
cardivas-3-125,Cardivas,3.125,Carvedilol 3.125 mg,,tablet,,,
cardivas-6-25,Cardivas,6.25,Carvedilol 6.25 mg,,tablet,,,
carloc-12-5,Carloc,12.5,Carvedilol 12.5 mg,,tablet,,,
carloc-25,Carloc,25,Carvedilol 25 mg,,tablet,,,
carloc-3-125,Carloc,3.125,Carvedilol 3.125 mg,,tablet,,,
carloc-6-25,Carloc,6.25,Carvedilol 6.25 mg,,tablet,,,
carvidon-mr-35,Carvidon MR,35,Trimetazidine 35 mg,,tablet,,,
ceruvin-75,Ceruvin,75,Clopidogrel 75 mg,,tablet,,,
cetrizine-10,Cetrizine,10,Cetirizine 10 mg,,tablet,,,
cidmus-24-26,Cidmus,24/26,Sacubitril 24 mg + Valsartan 26 mg,COMBINATION,tablet,,,
cidmus-49-51,Cidmus,49/51,Sacubitril 49 mg + Valsartan 51 mg,COMBINATION,tablet,,,
cidmus-97-103,Cidmus,97/103,Sacubitril 97 mg + Valsartan 103 mg,COMBINATION,tablet,,,
cifran-250,Cifran,250,Ciprofloxacin 250 mg,,tablet,,,
cifran-500,Cifran,500,Ciprofloxacin 500 mg,,tablet,,,
cilacar-10,Cilacar,10,Cilnidipine 10 mg,,tablet,,,
cilacar-20,Cilacar,20,Cilnidipine 20 mg,,tablet,,,
cilacar-5,Cilacar,5,Cilnidipine 5 mg,,tablet,,,
cilacar-t-10-40,Cilacar T,10/40,Cilnidipine 10 mg + Telmisartan 40 mg,COMBINATION,tablet,,,
cilacar-t-10-80,Cilacar T,10/80,Cilnidipine 10 mg + Telmisartan 80 mg,COMBINATION,tablet,,,
cilodep-10,Cilodep,10,Cilnidipine 10 mg,,tablet,,,
cilodep-5,Cilodep,5,Cilnidipine 5 mg,,tablet,,,
ciplar-10,Ciplar,10,Propranolol 10 mg,,tablet,,,
ciplar-20,Ciplar,20,Propranolol 20 mg,,tablet,,,
ciplar-40,Ciplar,40,Propranolol 40 mg,,tablet,,,
ciplar-la-40,Ciplar LA,40,Propranolol 40 mg,,tablet,,,
ciplar-la-80,Ciplar LA,80,Propranolol 80 mg,,tablet,,,
cipralex-10,Cipralex,10,Escitalopram 10 mg,,tablet,,,
cipralex-20,Cipralex,20,Escitalopram 20 mg,,tablet,,,
cipralex-5,Cipralex,5,Escitalopram 5 mg,,tablet,,,
clarithro-250,Clarithro,250,Clarithromycin 250 mg,,tablet,,,
clarithro-500,Clarithro,500,Clarithromycin 500 mg,,tablet,,,
clexane-40,Clexane,40,Enoxaparin 40 mg,,injection,,,
clexane-60,Clexane,60,Enoxaparin 60 mg,,injection,,,
clexane-80,Clexane,80,Enoxaparin 80 mg,,injection,,,
clonotril-0-25,Clonotril,0.25,Clonazepam 0.25 mg,,tablet,,,
clonotril-0-5,Clonotril,0.5,Clonazepam 0.5 mg,,tablet,,,
clonotril-1,Clonotril,1,Clonazepam 1 mg,,tablet,,,
clonotril-2,Clonotril,2,Clonazepam 2 mg,,tablet,,,
clopilet-150,Clopilet,150,Clopidogrel 150 mg,,tablet,,,
clopilet-75,Clopilet,75,Clopidogrel 75 mg,,tablet,,,
clopilet-a-75-150,Clopilet A,75/150,Clopidogrel 75 mg + Aspirin 150 mg,COMBINATION,tablet,deplatt a; clopivas ap,,
clopilet-a-75-75,Clopilet A,75/75,Clopidogrel 75 mg + Aspirin 75 mg,COMBINATION,tablet,deplatt a; clopivas ap,,
concor-1-25,Concor,1.25,Bisoprolol 1.25 mg,,tablet,,,
concor-10,Concor,10,Bisoprolol 10 mg,,tablet,,,
concor-2-5,Concor,2.5,Bisoprolol 2.5 mg,,tablet,,,
concor-5,Concor,5,Bisoprolol 5 mg,,tablet,,,
concor-am-2-5-5,Concor AM,2.5/5,Bisoprolol 2.5 mg + Amlodipine 5 mg,COMBINATION,tablet,,,
concor-am-5-5,Concor AM,5/5,Bisoprolol 5 mg + Amlodipine 5 mg,COMBINATION,tablet,,,
corbis-1-25,Corbis,1.25,Bisoprolol 1.25 mg,,tablet,,,
corbis-10,Corbis,10,Bisoprolol 10 mg,,tablet,,,
corbis-2-5,Corbis,2.5,Bisoprolol 2.5 mg,,tablet,,,
corbis-5,Corbis,5,Bisoprolol 5 mg,,tablet,,,
cordarone-100,Cordarone,100,Amiodarone 100 mg,,tablet,,,
cordarone-200,Cordarone,200,Amiodarone 200 mg,,tablet,,,
covance-25,Covance,25,Losartan 25 mg,,tablet,,,
covance-50,Covance,50,Losartan 50 mg,,tablet,,,
coversyl-2,Coversyl,2,Perindopril 2 mg,,tablet,,,
coversyl-4,Coversyl,4,Perindopril 4 mg,,tablet,,,
coversyl-8,Coversyl,8,Perindopril 8 mg,,tablet,,,
cresar-20,Cresar,20,Telmisartan 20 mg,,tablet,,,
cresar-40,Cresar,40,Telmisartan 40 mg,,tablet,,,
cresar-80,Cresar,80,Telmisartan 80 mg,,tablet,,,
crestor-10,Crestor,10,Rosuvastatin 10 mg,,tablet,,,
crestor-20,Crestor,20,Rosuvastatin 20 mg,,tablet,,,
crestor-40,Crestor,40,Rosuvastatin 40 mg,,tablet,,,
crestor-5,Crestor,5,Rosuvastatin 5 mg,,tablet,,,
crocin-500,Crocin,500,Paracetamol 500 mg,,tablet,,,
crocin-650,Crocin,650,Paracetamol 650 mg,,tablet,,,
cyclopam-20,Cyclopam,20,Dicyclomine 20 mg,,tablet,,,
dapanorm-10,Dapanorm,10,Dapagliflozin 10 mg,,tablet,,,
dapanorm-5,Dapanorm,5,Dapagliflozin 5 mg,,tablet,,,
dasanat-100,Dasanat,100,Dasatinib 100 mg,,tablet,,,
dasanat-20,Dasanat,20,Dasatinib 20 mg,,tablet,,,
dasanat-50,Dasanat,50,Dasatinib 50 mg,,tablet,,,
dasanat-70,Dasanat,70,Dasatinib 70 mg,,tablet,,,
depin-10,Depin,10,Nifedipine 10 mg,,tablet,,,
depin-20,Depin,20,Nifedipine 20 mg,,tablet,,,
depin-5,Depin,5,Nifedipine 5 mg,,tablet,,,
deplatt-150,Deplatt,150,Clopidogrel 150 mg,,tablet,,,
deplatt-75,Deplatt,75,Clopidogrel 75 mg,,tablet,,,
dexona-0-5,Dexona,0.5,Dexamethasone 0.5 mg,,tablet,,,
dexona-4,Dexona,4,Dexamethasone 4 mg,,tablet,,,
diamicron-30,Diamicron,30,Gliclazide 30 mg,,tablet,,,
diamicron-60,Diamicron,60,Gliclazide 60 mg,,tablet,,,
diamicron-80,Diamicron,80,Gliclazide 80 mg,,tablet,,,
digox-0-25,Digox,0.25,Digoxin 0.25 mg,,tablet,,,
dilzem-30,Dilzem,30,Diltiazem 30 mg,,tablet,,,
dilzem-60,Dilzem,60,Diltiazem 60 mg,,tablet,,,
dilzem-90,Dilzem,90,Diltiazem 90 mg,,tablet,,,
diovan-160,Diovan,160,Valsartan 160 mg,,tablet,,,
diovan-320,Diovan,320,Valsartan 320 mg,,tablet,,,
diovan-40,Diovan,40,Valsartan 40 mg,,tablet,,,
diovan-80,Diovan,80,Valsartan 80 mg,,tablet,,,
dolo-500,Dolo,500,Paracetamol 500 mg,,tablet,dolo; calpol,,
dolo-650,Dolo,650,Paracetamol 650 mg,,tablet,dolo; calpol,,
domstal-10,Domstal,10,Domperidone 10 mg,,tablet,,,
donep-10,Donep,10,Donepezil 10 mg,,tablet,,,
donep-5,Donep,5,Donepezil 5 mg,,tablet,,,
doxt-sl-100,Doxt SL,100,Doxycycline 100 mg,,tablet,,,
drotin-40,Drotin,40,Drotaverine 40 mg,,tablet,,,
drotin-80,Drotin,80,Drotaverine 80 mg,,tablet,,,
dulcolax-5,Dulcolax,5,Bisacodyl 5 mg,,tablet,,,
duphalac-10,Duphalac,10,Lactulose 10 g/15mL,,syrup,,,
duvanta-20,Duvanta,20,Duloxetine 20 mg,,tablet,,,
duvanta-30,Duvanta,30,Duloxetine 30 mg,,tablet,,,
duvanta-60,Duvanta,60,Duloxetine 60 mg,,tablet,,,
duzela-20,Duzela,20,Duloxetine 20 mg,,tablet,,,
duzela-30,Duzela,30,Duloxetine 30 mg,,tablet,,,
duzela-60,Duzela,60,Duloxetine 60 mg,,tablet,,,
dytor-10,Dytor,10,Torsemide 10 mg,,tablet,,,
dytor-100,Dytor,100,Torsemide 100 mg,,tablet,,,
dytor-20,Dytor,20,Torsemide 20 mg,,tablet,,,
dytor-40,Dytor,40,Torsemide 40 mg,,tablet,,,
dytor-5,Dytor,5,Torsemide 5 mg,,tablet,,,
dytor-plus-10-25,Dytor Plus,10/25,Torsemide 10 mg + Spironolactone 25 mg,COMBINATION,tablet,,,
dytor-plus-20-50,Dytor Plus,20/50,Torsemide 20 mg + Spironolactone 50 mg,COMBINATION,tablet,,,
dytor-plus-5-25,Dytor Plus,5/25,Torsemide 5 mg + Spironolactone 25 mg,COMBINATION,tablet,,,
ecosprin-150,Ecosprin,150,Aspirin 150 mg,,tablet,ecosprin; aspirin,,
ecosprin-325,Ecosprin,325,Aspirin 325 mg,,tablet,ecosprin; aspirin,,
ecosprin-75,Ecosprin,75,Aspirin 75 mg,,tablet,ecosprin; aspirin,,
ecosprin-av-150,Ecosprin AV,150,Aspirin 150 mg,,tablet,ecospirin av,,
ecosprin-av-75,Ecosprin AV,75,Aspirin 75 mg,,tablet,ecospirin av,,
ecosprin-av-combo-150-20,Ecosprin AV Combo,150/20,Aspirin 150 mg + Atorvastatin 20 mg,COMBINATION,tablet,,,
ecosprin-av-combo-75-10,Ecosprin AV Combo,75/10,Aspirin 75 mg + Atorvastatin 10 mg,COMBINATION,tablet,,,
ecosprin-av-combo-75-20,Ecosprin AV Combo,75/20,Aspirin 75 mg + Atorvastatin 20 mg,COMBINATION,tablet,,,
eliquis-2-5,Eliquis,2.5,Apixaban 2.5 mg,,tablet,,,
eliquis-5,Eliquis,5,Apixaban 5 mg,,tablet,,,
elocon-0-1,Elocon,0.1,Mometasone (topical) 0.1 %,,cream,,,
eltroxin-100,Eltroxin,100,Levothyroxine 100 mcg,,tablet,,,
eltroxin-125,Eltroxin,125,Levothyroxine 125 mcg,,tablet,,,
eltroxin-150,Eltroxin,150,Levothyroxine 150 mcg,,tablet,,,
eltroxin-25,Eltroxin,25,Levothyroxine 25 mcg,,tablet,,,
eltroxin-50,Eltroxin,50,Levothyroxine 50 mcg,,tablet,,,
eltroxin-75,Eltroxin,75,Levothyroxine 75 mcg,,tablet,,,
emeset-4,Emeset,4,Ondansetron 4 mg,,tablet,,,
emeset-8,Emeset,8,Ondansetron 8 mg,,tablet,,,
enam-10,Enam,10,Enalapril 10 mg,,tablet,,,
enam-2-5,Enam,2.5,Enalapril 2.5 mg,,tablet,,,
enam-5,Enam,5,Enalapril 5 mg,,tablet,,,
encorate-200,Encorate,200,Sodium valproate 200 mg,,tablet,,,
encorate-300,Encorate,300,Sodium valproate 300 mg,,tablet,,,
encorate-500,Encorate,500,Sodium valproate 500 mg,,tablet,,,
envas-10,Envas,10,Enalapril 10 mg,,tablet,,,
envas-2-5,Envas,2.5,Enalapril 2.5 mg,,tablet,,,
envas-5,Envas,5,Enalapril 5 mg,,tablet,,,
eptoin-100,Eptoin,100,Phenytoin 100 mg,,tablet,,,
eptoin-50,Eptoin,50,Phenytoin 50 mg,,tablet,,,
eptus-25,Eptus,25,Eplerenone 25 mg,,tablet,,,
eptus-50,Eptus,50,Eplerenone 50 mg,,tablet,,,
erivedge-150,Erivedge,150,Vismodegib 150 mg,,tablet,,,
erleada-60,Erleada,60,Apalutamide 60 mg,,tablet,,,
exemin-25,Exemin,25,Exemestane 25 mg,,tablet,,,
ezedoc-10,Ezedoc,10,Ezetimibe 10 mg,,tablet,,,
ezetib-r-10-10,Ezetib R,10/10,Rosuvastatin 10 mg + Ezetimibe 10 mg,COMBINATION,tablet,,,
ezetib-r-20-10,Ezetib R,20/10,Rosuvastatin 20 mg + Ezetimibe 10 mg,COMBINATION,tablet,,,
famocid-20,Famocid,20,Famotidine 20 mg,,tablet,,,
famocid-40,Famocid,40,Famotidine 40 mg,,tablet,,,
femara-2-5,Femara,2.5,Letrozole 2.5 mg,,tablet,,,
fenolip-145,Fenolip,145,Fenofibrate 145 mg,,tablet,,,
fenolip-160,Fenolip,160,Fenofibrate 160 mg,,tablet,,,
fenolip-200,Fenolip,200,Fenofibrate 200 mg,,tablet,,,
flavedon-mr-35,Flavedon MR,35,Trimetazidine 35 mg,,tablet,flavedon,,
flohale-125,Flohale,125,Fluticasone (inhaled/nasal) 125 mcg,,inhaler,,,
flohale-250,Flohale,250,Fluticasone (inhaled/nasal) 250 mcg,,inhaler,,,
flohale-50,Flohale,50,Fluticasone (inhaled/nasal) 50 mcg,,inhaler,,,
folitrax-10,Folitrax,10,Methotrexate 10 mg,,tablet,,,
folitrax-15,Folitrax,15,Methotrexate 15 mg,,tablet,,,
folitrax-2-5,Folitrax,2.5,Methotrexate 2.5 mg,,tablet,,,
folitrax-7-5,Folitrax,7.5,Methotrexate 7.5 mg,,tablet,,,
folvite-5,Folvite,5,Folic acid 5 mg,,tablet,,,
foracort-12,Foracort,12,Formoterol 12 mcg,,inhaler,,,
foracort-6,Foracort,6,Formoterol 6 mcg,,inhaler,,,
forcan-150,Forcan,150,Fluconazole 150 mg,,tablet,,,
forcan-200,Forcan,200,Fluconazole 200 mg,,tablet,,,
forcan-50,Forcan,50,Fluconazole 50 mg,,tablet,,,
forxiga-10,Forxiga,10,Dapagliflozin 10 mg,,tablet,,,
forxiga-5,Forxiga,5,Dapagliflozin 5 mg,,tablet,,,
frisium-10,Frisium,10,Clobazam 10 mg,,tablet,,,
frisium-5,Frisium,5,Clobazam 5 mg,,tablet,,,
frusenex-20,Frusenex,20,Furosemide 20 mg,,tablet,,,
frusenex-40,Frusenex,40,Furosemide 40 mg,,tablet,,,
gabapin-100,Gabapin,100,Gabapentin 100 mg,,tablet,,,
gabapin-300,Gabapin,300,Gabapentin 300 mg,,tablet,,,
gabapin-400,Gabapin,400,Gabapentin 400 mg,,tablet,,,
galvus-50,Galvus,50,Vildagliptin 50 mg,,tablet,,,
galvus-met-50-1000,Galvus Met,50/1000,Vildagliptin 50 mg + Metformin 1000 mg,COMBINATION,tablet,,,
galvus-met-50-500,Galvus Met,50/500,Vildagliptin 50 mg + Metformin 500 mg,COMBINATION,tablet,,,
gibtulio-10,Gibtulio,10,Empagliflozin 10 mg,,tablet,,,
gibtulio-25,Gibtulio,25,Empagliflozin 25 mg,,tablet,,,
gilotrif-20,Gilotrif,20,Afatinib 20 mg,,tablet,,,
gilotrif-30,Gilotrif,30,Afatinib 30 mg,,tablet,,,
gilotrif-40,Gilotrif,40,Afatinib 40 mg,,tablet,,,
glimestar-1,Glimestar,1,Glimepiride 1 mg,,tablet,,,
glimestar-2,Glimestar,2,Glimepiride 2 mg,,tablet,,,
glimestar-3,Glimestar,3,Glimepiride 3 mg,,tablet,,,
glivec-100,Glivec,100,Imatinib 100 mg,,tablet,,,
glivec-400,Glivec,400,Imatinib 400 mg,,tablet,,,
glucobay-100,Glucobay,100,Acarbose 100 mg,,tablet,,,
glucobay-25,Glucobay,25,Acarbose 25 mg,,tablet,,,
glucobay-50,Glucobay,50,Acarbose 50 mg,,tablet,,,
glucophage-1000,Glucophage,1000,Metformin 1000 mg,,tablet,,,
glucophage-500,Glucophage,500,Metformin 500 mg,,tablet,,,
glucophage-850,Glucophage,850,Metformin 850 mg,,tablet,,,
glycomet-1000,Glycomet,1000,Metformin 1000 mg,,tablet,,,
glycomet-250,Glycomet,250,Metformin 250 mg,,tablet,,,
glycomet-500,Glycomet,500,Metformin 500 mg,,tablet,,,
glycomet-850,Glycomet,850,Metformin 850 mg,,tablet,,,
glycomet-gp-1-500,Glycomet GP,1/500,Glimepiride 1 mg + Metformin 500 mg,COMBINATION,tablet,,,
glycomet-gp-2-500,Glycomet GP,2/500,Glimepiride 2 mg + Metformin 500 mg,COMBINATION,tablet,,,
glycomet-gp-3-500,Glycomet GP,3/500,Glimepiride 3 mg + Metformin 500 mg,COMBINATION,tablet,,,
granicip-1,Granicip,1,Granisetron 1 mg,,tablet,,,
granicip-2,Granicip,2,Granisetron 2 mg,,tablet,,,
humalog-100,Humalog,100,Insulin lispro 100 IU/mL,,injection,,,
huminsulin-100,Huminsulin,100,Human insulin 100 IU/mL,,injection,,,
hydrea-500,Hydrea,500,Hydroxyurea 500 mg,,tablet,,,
hythalton-12-5,Hythalton,12.5,Chlorthalidone 12.5 mg,,tablet,,,
hythalton-25,Hythalton,25,Chlorthalidone 25 mg,,tablet,,,
hythalton-6-25,Hythalton,6.25,Chlorthalidone 6.25 mg,,tablet,,,
ibrance-100,Ibrance,100,Palbociclib 100 mg,,tablet,,,
ibrance-125,Ibrance,125,Palbociclib 125 mg,,tablet,,,
ibrance-75,Ibrance,75,Palbociclib 75 mg,,tablet,,,
iclusig-15,Iclusig,15,Ponatinib 15 mg,,tablet,,,
iclusig-45,Iclusig,45,Ponatinib 45 mg,,tablet,,,
imbruvica-140,Imbruvica,140,Ibrutinib 140 mg,,tablet,,,
inhibace-5,Inhibace,5,Ivabradine 5 mg,,tablet,,,
inhibace-7-5,Inhibace,7.5,Ivabradine 7.5 mg,,tablet,,,
inlyta-1,Inlyta,1,Axitinib 1 mg,,tablet,,,
inlyta-5,Inlyta,5,Axitinib 5 mg,,tablet,,,
inrebic-100,Inrebic,100,Fedratinib 100 mg,,tablet,,,
ipravent-20,Ipravent,20,Ipratropium 20 mcg,,inhaler,,,
iressa-250,Iressa,250,Gefitinib 250 mg,,tablet,,,
irovel-150,Irovel,150,Irbesartan 150 mg,,tablet,,,
irovel-300,Irovel,300,Irbesartan 300 mg,,tablet,,,
irovel-75,Irovel,75,Irbesartan 75 mg,,tablet,,,
isabgol-5,Isabgol,5,Ispaghula husk 5 g,,sachet,,,
ismo-20,Ismo,20,Isosorbide mononitrate 20 mg,,tablet,,,
ismo-40,Ismo,40,Isosorbide mononitrate 40 mg,,tablet,,,
isotroin-10,Isotroin,10,Isotretinoin (oral) 10 mg,,tablet,,,
isotroin-20,Isotroin,20,Isotretinoin (oral) 20 mg,,tablet,,,
istavel-100,Istavel,100,Sitagliptin 100 mg,,tablet,,,
istavel-50,Istavel,50,Sitagliptin 50 mg,,tablet,,,
itraspor-100,Itraspor,100,Itraconazole 100 mg,,tablet,,,
itraspor-200,Itraspor,200,Itraconazole 200 mg,,tablet,,,
ivabrad-5,Ivabrad,5,Ivabradine 5 mg,,tablet,,,
ivabrad-7-5,Ivabrad,7.5,Ivabradine 7.5 mg,,tablet,,,
jakavi-15,Jakavi,15,Ruxolitinib 15 mg,,tablet,,,
jakavi-20,Jakavi,20,Ruxolitinib 20 mg,,tablet,,,
jakavi-5,Jakavi,5,Ruxolitinib 5 mg,,tablet,,,
janumet-50-1000,Janumet,50/1000,Sitagliptin 50 mg + Metformin 1000 mg,COMBINATION,tablet,,,
janumet-50-500,Janumet,50/500,Sitagliptin 50 mg + Metformin 500 mg,COMBINATION,tablet,,,
januvia-100,Januvia,100,Sitagliptin 100 mg,,tablet,,,
januvia-25,Januvia,25,Sitagliptin 25 mg,,tablet,,,
januvia-50,Januvia,50,Sitagliptin 50 mg,,tablet,,,
jardiance-10,Jardiance,10,Empagliflozin 10 mg,,tablet,,,
jardiance-25,Jardiance,25,Empagliflozin 25 mg,,tablet,,,
k-plus-600,K Plus,600,Potassium chloride 600 mg,,tablet,,,
kisqali-200,Kisqali,200,Ribociclib 200 mg,,tablet,,,
lamitor-100,Lamitor,100,Lamotrigine 100 mg,,tablet,,,
lamitor-25,Lamitor,25,Lamotrigine 25 mg,,tablet,,,
lamitor-50,Lamitor,50,Lamotrigine 50 mg,,tablet,,,
lanoxin-0-25,Lanoxin,0.25,Digoxin 0.25 mg,,tablet,digoxin,,
lantus-100,Lantus,100,Insulin glargine 100 IU/mL,,injection,,,
lasilactone-20-50,Lasilactone,20/50,Furosemide 20 mg + Spironolactone 50 mg,COMBINATION,tablet,,,
lasilactone-40-50,Lasilactone,40/50,Furosemide 40 mg + Spironolactone 50 mg,COMBINATION,tablet,,,
lasix-20,Lasix,20,Furosemide 20 mg,,tablet,lasix,,
lasix-40,Lasix,40,Furosemide 40 mg,,tablet,lasix,,
latoprost-0-005,Latoprost,0.005,Latanoprost (eye drop) 0.005 %,,eye drop,,,
lenvima-10,Lenvima,10,Lenvatinib 10 mg,,tablet,,,
lenvima-4,Lenvima,4,Lenvatinib 4 mg,,tablet,,,
lercapress-10,Lercapress,10,Lercanidipine 10 mg,,tablet,,,
lercapress-20,Lercapress,20,Lercanidipine 20 mg,,tablet,,,
levipil-1000,Levipil,1000,Levetiracetam 1000 mg,,tablet,,,
levipil-250,Levipil,250,Levetiracetam 250 mg,,tablet,,,
levipil-500,Levipil,500,Levetiracetam 500 mg,,tablet,,,
levipil-750,Levipil,750,Levetiracetam 750 mg,,tablet,,,
levocet-5,Levocet,5,Levocetirizine 5 mg,,tablet,,,
levoflox-250,Levoflox,250,Levofloxacin 250 mg,,tablet,,,
levoflox-500,Levoflox,500,Levofloxacin 500 mg,,tablet,,,
levoflox-750,Levoflox,750,Levofloxacin 750 mg,,tablet,,,
levolin-1,Levolin,1,Levosalbutamol 1 mg,,inhaler,,,
levolin-2,Levolin,2,Levosalbutamol 2 mg,,inhaler,,,
lipicure-10,Lipicure,10,Atorvastatin 10 mg,,tablet,,,
lipicure-20,Lipicure,20,Atorvastatin 20 mg,,tablet,,,
lipicure-40,Lipicure,40,Atorvastatin 40 mg,,tablet,,,
lipicure-80,Lipicure,80,Atorvastatin 80 mg,,tablet,,,
lipvas-10,Lipvas,10,Atorvastatin 10 mg,,tablet,,,
lipvas-20,Lipvas,20,Atorvastatin 20 mg,,tablet,,,
lipvas-40,Lipvas,40,Atorvastatin 40 mg,,tablet,,,
lisoril-10,Lisoril,10,Lisinopril 10 mg,,tablet,,,
lisoril-2-5,Lisoril,2.5,Lisinopril 2.5 mg,,tablet,,,
lisoril-5,Lisoril,5,Lisinopril 5 mg,,tablet,,,
listril-10,Listril,10,Lisinopril 10 mg,,tablet,,,
listril-2-5,Listril,2.5,Lisinopril 2.5 mg,,tablet,,,
listril-5,Listril,5,Lisinopril 5 mg,,tablet,,,
livogen-150,Livogen,150,Ferrous sulphate 150 mg,,tablet,,,
looz-10,Looz,10,Lactulose 10 g/15mL,,syrup,,,
lopamide-2,Lopamide,2,Loperamide 2 mg,,tablet,,,
loratin-10,Loratin,10,Loratadine 10 mg,,tablet,,,
losacar-25,Losacar,25,Losartan 25 mg,,tablet,,,
losacar-50,Losacar,50,Losartan 50 mg,,tablet,,,
losar-100,Losar,100,Losartan 100 mg,,tablet,,,
losar-25,Losar,25,Losartan 25 mg,,tablet,,,
losar-50,Losar,50,Losartan 50 mg,,tablet,,,
losar-h-50-12-5,Losar H,50/12.5,Losartan 50 mg + Hydrochlorothiazide 12.5 mg,COMBINATION,tablet,,,
lynparza-100,Lynparza,100,Olaparib 100 mg,,tablet,,,
lynparza-150,Lynparza,150,Olaparib 150 mg,,tablet,,,
mahamag-400,Mahamag,400,Magnesium oxide 400 mg,,tablet,,,
mazetol-100,Mazetol,100,Carbamazepine 100 mg,,tablet,,,
mazetol-200,Mazetol,200,Carbamazepine 200 mg,,tablet,,,
mazetol-400,Mazetol,400,Carbamazepine 400 mg,,tablet,,,
medrol-16,Medrol,16,Methylprednisolone 16 mg,,tablet,,,
medrol-4,Medrol,4,Methylprednisolone 4 mg,,tablet,,,
medrol-8,Medrol,8,Methylprednisolone 8 mg,,tablet,,,
methycobal-1500,Methycobal,1500,Methylcobalamin (B12) 1500 mcg,,tablet,,,
methycobal-500,Methycobal,500,Methylcobalamin (B12) 500 mcg,,tablet,,,
metolar-10,Metolar,10,Metolazone 10 mg,,tablet,,,
metolar-2-5,Metolar,2.5,Metolazone 2.5 mg,,tablet,,,
metolar-5,Metolar,5,Metolazone 5 mg,,tablet,,,
metolar-xr-100,Metolar XR,100,Metoprolol succinate 100 mg,,tablet,metolar,,
metolar-xr-12-5,Metolar XR,12.5,Metoprolol succinate 12.5 mg,,tablet,metolar,,
metolar-xr-25,Metolar XR,25,Metoprolol succinate 25 mg,,tablet,metolar,,
metolar-xr-50,Metolar XR,50,Metoprolol succinate 50 mg,,tablet,metolar,,
metpure-xl-100,Metpure XL,100,Metoprolol succinate 100 mg,,tablet,,,
metpure-xl-12-5,Metpure XL,12.5,Metoprolol succinate 12.5 mg,,tablet,,,
metpure-xl-25,Metpure XL,25,Metoprolol succinate 25 mg,,tablet,,,
metpure-xl-50,Metpure XL,50,Metoprolol succinate 50 mg,,tablet,,,
mixtard-30-100,Mixtard 30,100,Premixed insulin 100 IU/mL,,injection,,,
momate-0-1,Momate,0.1,Mometasone (topical) 0.1 %,,cream,,,
monotrate-10,Monotrate,10,Isosorbide mononitrate 10 mg,,tablet,,,
monotrate-20,Monotrate,20,Isosorbide mononitrate 20 mg,,tablet,,,
monotrate-40,Monotrate,40,Isosorbide mononitrate 40 mg,,tablet,,,
montair-10,Montair,10,Montelukast 10 mg,,tablet,,,
montair-4,Montair,4,Montelukast 4 mg,,tablet,,,
montair-5,Montair,5,Montelukast 5 mg,,tablet,,,
moxicip-0-5,Moxicip,0.5,Moxifloxacin (eye drop) 0.5 %,,eye drop,,,
moxikind-400,Moxikind,400,Moxifloxacin 400 mg,,tablet,,,
mst-continus-10,MST Continus,10,Morphine 10 mg,,tablet,,,
mst-continus-30,MST Continus,30,Morphine 30 mg,,tablet,,,
mucolite-30,Mucolite,30,Ambroxol 30 mg,,tablet,,,
myoril-4,Myoril,4,Thiocolchicoside 4 mg,,tablet,,,
myoril-8,Myoril,8,Thiocolchicoside 8 mg,,tablet,,,
myoril-mr-4-50,Myoril MR,4/50,Thiocolchicoside 4 mg + Diclofenac 50 mg,COMBINATION,tablet,,,
natrilix-sr-1-5,Natrilix SR,1.5,Indapamide 1.5 mg,,tablet,natrilix,,
nebicard-10,Nebicard,10,Nebivolol 10 mg,,tablet,,,
nebicard-2-5,Nebicard,2.5,Nebivolol 2.5 mg,,tablet,,,
nebicard-5,Nebicard,5,Nebivolol 5 mg,,tablet,,,
nebicard-sa-5-2-5,Nebicard SA,5/2.5,Nebivolol 5 mg + S-Amlodipine 2.5 mg,COMBINATION,tablet,,,
nebistar-10,Nebistar,10,Nebivolol 10 mg,,tablet,,,
nebistar-2-5,Nebistar,2.5,Nebivolol 2.5 mg,,tablet,,,
nebistar-5,Nebistar,5,Nebivolol 5 mg,,tablet,,,
neo-mercazole-10,Neo Mercazole,10,Carbimazole 10 mg,,tablet,,,
neo-mercazole-5,Neo Mercazole,5,Carbimazole 5 mg,,tablet,,,
nexavar-200,Nexavar,200,Sorafenib 200 mg,,tablet,,,
nexito-10,Nexito,10,Escitalopram 10 mg,,tablet,,,
nexito-20,Nexito,20,Escitalopram 20 mg,,tablet,,,
nexito-5,Nexito,5,Escitalopram 5 mg,,tablet,,,
nexpro-20,Nexpro,20,Esomeprazole 20 mg,,tablet,,,
nexpro-40,Nexpro,40,Esomeprazole 40 mg,,tablet,,,
nikoran-10,Nikoran,10,Nicorandil 10 mg,,tablet,,,
nikoran-5,Nikoran,5,Nicorandil 5 mg,,tablet,,,
nizral-2,Nizral,2,Ketoconazole (topical) 2 %,,cream,,,
nodon-10,Nodon,10,Nebivolol 10 mg,,tablet,,,
nodon-2-5,Nodon,2.5,Nebivolol 2.5 mg,,tablet,,,
nodon-5,Nodon,5,Nebivolol 5 mg,,tablet,,,
nootropil-1200,Nootropil,1200,Piracetam 1200 mg,,tablet,,,
nootropil-400,Nootropil,400,Piracetam 400 mg,,tablet,,,
nootropil-800,Nootropil,800,Piracetam 800 mg,,tablet,,,
novastat-10,Novastat,10,Rosuvastatin 10 mg,,tablet,,,
novastat-20,Novastat,20,Rosuvastatin 20 mg,,tablet,,,
novastat-5,Novastat,5,Rosuvastatin 5 mg,,tablet,,,
novomix-30-100,Novomix 30,100,Premixed insulin 100 IU/mL,,injection,,,
novorapid-100,NovoRapid,100,Insulin aspart 100 IU/mL,,injection,,,
nubeqa-300,Nubeqa,300,Darolutamide 300 mg,,tablet,,,
nucoxia-120,Nucoxia,120,Etoricoxib 120 mg,,tablet,,,
nucoxia-60,Nucoxia,60,Etoricoxib 60 mg,,tablet,,,
nucoxia-90,Nucoxia,90,Etoricoxib 90 mg,,tablet,,,
nurokind-500,Nurokind,500,Methylcobalamin (B12) 500 mcg,,tablet,,,
obimet-1000,Obimet,1000,Metformin 1000 mg,,tablet,,,
obimet-500,Obimet,500,Metformin 500 mg,,tablet,,,
obimet-850,Obimet,850,Metformin 850 mg,,tablet,,,
oleanz-10,Oleanz,10,Olanzapine 10 mg,,tablet,,,
oleanz-2-5,Oleanz,2.5,Olanzapine 2.5 mg,,tablet,,,
oleanz-5,Oleanz,5,Olanzapine 5 mg,,tablet,,,
olmat-20,Olmat,20,Olmesartan 20 mg,,tablet,,,
olmat-40,Olmat,40,Olmesartan 40 mg,,tablet,,,
olmesar-10,Olmesar,10,Olmesartan 10 mg,,tablet,,,
olmesar-20,Olmesar,20,Olmesartan 20 mg,,tablet,,,
olmesar-40,Olmesar,40,Olmesartan 40 mg,,tablet,,,
olmezest-10,Olmezest,10,Olmesartan 10 mg,,tablet,,,
olmezest-20,Olmezest,20,Olmesartan 20 mg,,tablet,,,
olmezest-40,Olmezest,40,Olmesartan 40 mg,,tablet,,,
olmezest-am-20-5,Olmezest AM,20/5,Olmesartan 20 mg + Amlodipine 5 mg,COMBINATION,tablet,,,
olmezest-am-40-5,Olmezest AM,40/5,Olmesartan 40 mg + Amlodipine 5 mg,COMBINATION,tablet,,,
olmezest-ch-20-6-25,Olmezest CH,20/6.25,Olmesartan 20 mg + Chlorthalidone 6.25 mg,COMBINATION,tablet,,,
olmezest-ch-40-12-5,Olmezest CH,40/12.5,Olmesartan 40 mg + Chlorthalidone 12.5 mg,COMBINATION,tablet,,,
omez-10,Omez,10,Omeprazole 10 mg,,tablet,,,
omez-20,Omez,20,Omeprazole 20 mg,,tablet,,,
omez-40,Omez,40,Omeprazole 40 mg,,tablet,,,
omnacortil-10,Omnacortil,10,Prednisolone 10 mg,,tablet,,,
omnacortil-20,Omnacortil,20,Prednisolone 20 mg,,tablet,,,
omnacortil-5,Omnacortil,5,Prednisolone 5 mg,,tablet,,,
ondem-4,Ondem,4,Ondansetron 4 mg,,tablet,,,
ondem-8,Ondem,8,Ondansetron 8 mg,,tablet,,,
opatanol-0-1,Opatanol,0.1,Olopatadine (eye drop) 0.1 %,,eye drop,,,
orofer-fcm-500,Orofer FCM,500,Ferric carboxymaltose 500 mg,,injection,,,
oxetol-150,Oxetol,150,Oxcarbazepine 150 mg,,tablet,,,
oxetol-300,Oxetol,300,Oxcarbazepine 300 mg,,tablet,,,
oxetol-600,Oxetol,600,Oxcarbazepine 600 mg,,tablet,,,
oxra-10,Oxra,10,Dapagliflozin 10 mg,,tablet,,,
oxra-5,Oxra,5,Dapagliflozin 5 mg,,tablet,,,
oxramet-10-1000,Oxramet,10/1000,Dapagliflozin 10 mg + Metformin 1000 mg,COMBINATION,tablet,,,
oxramet-10-500,Oxramet,10/500,Dapagliflozin 10 mg + Metformin 500 mg,COMBINATION,tablet,,,
ozempic-0-25,Ozempic,0.25,Semaglutide 0.25 mg,,injection,,,
ozempic-0-5,Ozempic,0.5,Semaglutide 0.5 mg,,injection,,,
ozempic-1,Ozempic,1,Semaglutide 1 mg,,injection,,,
pacitane-2,Pacitane,2,Trihexyphenidyl 2 mg,,tablet,,,
palnox-0-5,Palnox,0.5,Palonosetron 0.5 mg,,tablet,,,
pan-20,Pan,20,Pantoprazole 20 mg,,tablet,pantop; pantocid,,
pan-40,Pan,40,Pantoprazole 40 mg,,tablet,pantop; pantocid,,
pan-d-40-30,Pan D,40/30,Pantoprazole 40 mg + Domperidone 30 mg,COMBINATION,tablet,pantocid d,,
pantocid-20,Pantocid,20,Pantoprazole 20 mg,,tablet,,,
pantocid-40,Pantocid,40,Pantoprazole 40 mg,,tablet,,,
pantop-20,Pantop,20,Pantoprazole 20 mg,,tablet,,,
pantop-40,Pantop,40,Pantoprazole 40 mg,,tablet,,,
perinorm-10,Perinorm,10,Metoclopramide 10 mg,,tablet,,,
persol-2-5,Persol,2.5,Benzoyl peroxide 2.5 %,,gel,,,
persol-5,Persol,5,Benzoyl peroxide 5 %,,gel,,,
pioz-15,Pioz,15,Pioglitazone 15 mg,,tablet,,,
pioz-30,Pioz,30,Pioglitazone 30 mg,,tablet,,,
pioz-7-5,Pioz,7.5,Pioglitazone 7.5 mg,,tablet,,,
pivasta-1,Pivasta,1,Pitavastatin 1 mg,,tablet,,,
pivasta-2,Pivasta,2,Pitavastatin 2 mg,,tablet,,,
pivasta-4,Pivasta,4,Pitavastatin 4 mg,,tablet,,,
plavix-75,Plavix,75,Clopidogrel 75 mg,,tablet,,,
pomalyst-1,Pomalyst,1,Pomalidomide 1 mg,,tablet,,,
pomalyst-2,Pomalyst,2,Pomalidomide 2 mg,,tablet,,,
pomalyst-3,Pomalyst,3,Pomalidomide 3 mg,,tablet,,,
pomalyst-4,Pomalyst,4,Pomalidomide 4 mg,,tablet,,,
pradaxa-110,Pradaxa,110,Dabigatran 110 mg,,tablet,,,
pradaxa-150,Pradaxa,150,Dabigatran 150 mg,,tablet,,,
pradaxa-75,Pradaxa,75,Dabigatran 75 mg,,tablet,,,
pramipex-0-25,Pramipex,0.25,Pramipexole 0.25 mg,,tablet,,,
pramipex-0-5,Pramipex,0.5,Pramipexole 0.5 mg,,tablet,,,
pramipex-1,Pramipex,1,Pramipexole 1 mg,,tablet,,,
prasita-10,Prasita,10,Prasugrel 10 mg,,tablet,,,
prasita-5,Prasita,5,Prasugrel 5 mg,,tablet,,,
predmet-1,Predmet,1,Prednisolone acetate (eye drop) 1 %,,eye drop,,,
pregabid-150,Pregabid,150,Pregabalin 150 mg,,tablet,,,
pregabid-50,Pregabid,50,Pregabalin 50 mg,,tablet,,,
pregabid-75,Pregabid,75,Pregabalin 75 mg,,tablet,,,
prindace-2,Prindace,2,Perindopril 2 mg,,tablet,,,
prindace-4,Prindace,4,Perindopril 4 mg,,tablet,,,
prindace-8,Prindace,8,Perindopril 8 mg,,tablet,,,
protinex-1,Protinex,1,Protein supplement 1 scoop,,powder,,,
purinethol-50,Purinethol,50,Mercaptopurine 50 mg,,tablet,,,
ramipres-1-25,Ramipres,1.25,Ramipril 1.25 mg,,tablet,,,
ramipres-10,Ramipres,10,Ramipril 10 mg,,tablet,,,
ramipres-2-5,Ramipres,2.5,Ramipril 2.5 mg,,tablet,,,
ramipres-5,Ramipres,5,Ramipril 5 mg,,tablet,,,
ramistar-10,Ramistar,10,Ramipril 10 mg,,tablet,,,
ramistar-2-5,Ramistar,2.5,Ramipril 2.5 mg,,tablet,,,
ramistar-5,Ramistar,5,Ramipril 5 mg,,tablet,,,
ranozex-1000,Ranozex,1000,Ranolazine 1000 mg,,tablet,,,
ranozex-500,Ranozex,500,Ranolazine 500 mg,,tablet,,,
razel-10,Razel,10,Rosuvastatin 10 mg,,tablet,,,
razel-20,Razel,20,Rosuvastatin 20 mg,,tablet,,,
razel-40,Razel,40,Rosuvastatin 40 mg,,tablet,,,
razel-5,Razel,5,Rosuvastatin 5 mg,,tablet,,,
razel-f-10-160,Razel F,10/160,Rosuvastatin 10 mg + Fenofibrate 160 mg,COMBINATION,tablet,,,
razel-f-20-160,Razel F,20/160,Rosuvastatin 20 mg + Fenofibrate 160 mg,COMBINATION,tablet,,,
razo-10,Razo,10,Rabeprazole 10 mg,,tablet,,,
razo-20,Razo,20,Rabeprazole 20 mg,,tablet,,,
redotil-100,Redotil,100,Racecadotril 100 mg,,tablet,,,
refresh-tears-0-5,Refresh Tears,0.5,Carboxymethylcellulose (eye drop) 0.5 %,,eye drop,,,
repace-25,Repace,25,Losartan 25 mg,,tablet,,,
repace-50,Repace,50,Losartan 50 mg,,tablet,,,
revital-1,Revital,1,Multivitamin 1 cap,,capsule,,,
revlimid-10,Revlimid,10,Lenalidomide 10 mg,,tablet,,,
revlimid-15,Revlimid,15,Lenalidomide 15 mg,,tablet,,,
revlimid-25,Revlimid,25,Lenalidomide 25 mg,,tablet,,,
revlimid-5,Revlimid,5,Lenalidomide 5 mg,,tablet,,,
risdone-1,Risdone,1,Risperidone 1 mg,,tablet,,,
risdone-2,Risdone,2,Risperidone 2 mg,,tablet,,,
risdone-3,Risdone,3,Risperidone 3 mg,,tablet,,,
rivaflo-10,Rivaflo,10,Rivaroxaban 10 mg,,tablet,,,
rivaflo-15,Rivaflo,15,Rivaroxaban 15 mg,,tablet,,,
rivaflo-20,Rivaflo,20,Rivaroxaban 20 mg,,tablet,,,
rizact-10,Rizact,10,Rizatriptan 10 mg,,tablet,,,
rizact-5,Rizact,5,Rizatriptan 5 mg,,tablet,,,
ropark-0-25,Ropark,0.25,Ropinirole 0.25 mg,,tablet,,,
ropark-0-5,Ropark,0.5,Ropinirole 0.5 mg,,tablet,,,
ropark-1,Ropark,1,Ropinirole 1 mg,,tablet,,,
ropark-2,Ropark,2,Ropinirole 2 mg,,tablet,,,
roseday-10,Roseday,10,Rosuvastatin 10 mg,,tablet,,,
roseday-20,Roseday,20,Rosuvastatin 20 mg,,tablet,,,
roseday-40,Roseday,40,Rosuvastatin 40 mg,,tablet,,,
roseday-5,Roseday,5,Rosuvastatin 5 mg,,tablet,,,
rosulip-10,Rosulip,10,Rosuvastatin 10 mg,,tablet,,,
rosulip-20,Rosulip,20,Rosuvastatin 20 mg,,tablet,,,
rosulip-5,Rosulip,5,Rosuvastatin 5 mg,,tablet,,,
rosuvas-10,Rosuvas,10,Rosuvastatin 10 mg,,tablet,rosvas; rosuvas,,
rosuvas-20,Rosuvas,20,Rosuvastatin 20 mg,,tablet,rosvas; rosuvas,,
rosuvas-40,Rosuvas,40,Rosuvastatin 40 mg,,tablet,rosvas; rosuvas,,
rosuvas-5,Rosuvas,5,Rosuvastatin 5 mg,,tablet,rosvas; rosuvas,,
rozavel-10,Rozavel,10,Rosuvastatin 10 mg,,tablet,,,
rozavel-20,Rozavel,20,Rosuvastatin 20 mg,,tablet,,,
rozavel-40,Rozavel,40,Rosuvastatin 40 mg,,tablet,,,
rozavel-5,Rozavel,5,Rosuvastatin 5 mg,,tablet,,,
rybelsus-14,Rybelsus,14,Semaglutide 14 mg,,tablet,,,
rybelsus-3,Rybelsus,3,Semaglutide 3 mg,,tablet,,,
rybelsus-7,Rybelsus,7,Semaglutide 7 mg,,tablet,,,
serenace-1-5,Serenace,1.5,Haloperidol 1.5 mg,,tablet,,,
serenace-10,Serenace,10,Haloperidol 10 mg,,tablet,,,
serenace-5,Serenace,5,Haloperidol 5 mg,,tablet,,,
seroflo-125-25,Seroflo,125/25,Fluticasone (inhaled/nasal) 125 mcg + Salmeterol 25 mcg,COMBINATION,tablet,,,
seroflo-250-25,Seroflo,250/25,Fluticasone (inhaled/nasal) 250 mcg + Salmeterol 25 mcg,COMBINATION,tablet,,,
seroquel-100,Seroquel,100,Quetiapine 100 mg,,tablet,,,
seroquel-200,Seroquel,200,Quetiapine 200 mg,,tablet,,,
seroquel-25,Seroquel,25,Quetiapine 25 mg,,tablet,,,
seroquel-50,Seroquel,50,Quetiapine 50 mg,,tablet,,,
serta-100,Serta,100,Sertraline 100 mg,,tablet,,,
serta-25,Serta,25,Sertraline 25 mg,,tablet,,,
serta-50,Serta,50,Sertraline 50 mg,,tablet,,,
seven-seas-1000,Seven Seas,1000,Omega-3 fatty acids 1000 mg,,tablet,,,
shelcal-500,Shelcal,500,Calcium carbonate 500 mg,,tablet,,,
sibelium-10,Sibelium,10,Flunarizine 10 mg,,tablet,,,
sibelium-5,Sibelium,5,Flunarizine 5 mg,,tablet,,,
simvas-10,Simvas,10,Simvastatin 10 mg,,tablet,,,
simvas-20,Simvas,20,Simvastatin 20 mg,,tablet,,,
simvas-40,Simvas,40,Simvastatin 40 mg,,tablet,,,
simvotin-10,Simvotin,10,Simvastatin 10 mg,,tablet,,,
simvotin-20,Simvotin,20,Simvastatin 20 mg,,tablet,,,
simvotin-40,Simvotin,40,Simvastatin 40 mg,,tablet,,,
sorbitrate-10,Sorbitrate,10,Isosorbide dinitrate 10 mg,,tablet,,,
sorbitrate-5,Sorbitrate,5,Isosorbide dinitrate 5 mg,,tablet,,,
sotagard-40,Sotagard,40,Sotalol 40 mg,,tablet,,,
sotagard-80,Sotagard,80,Sotalol 80 mg,,tablet,,,
sotret-10,Sotret,10,Isotretinoin (oral) 10 mg,,tablet,,,
sotret-20,Sotret,20,Isotretinoin (oral) 20 mg,,tablet,,,
spiractin-100,Spiractin,100,Spironolactone 100 mg,,tablet,,,
spiractin-25,Spiractin,25,Spironolactone 25 mg,,tablet,,,
spiractin-50,Spiractin,50,Spironolactone 50 mg,,tablet,,,
sporlac-1,Sporlac,1,Probiotic 1 cap,,capsule,,,
sprycel-100,Sprycel,100,Dasatinib 100 mg,,tablet,,,
sprycel-20,Sprycel,20,Dasatinib 20 mg,,tablet,,,
sprycel-50,Sprycel,50,Dasatinib 50 mg,,tablet,,,
sprycel-70,Sprycel,70,Dasatinib 70 mg,,tablet,,,
stamlo-10,Stamlo,10,Amlodipine 10 mg,,tablet,,,
stamlo-2-5,Stamlo,2.5,Amlodipine 2.5 mg,,tablet,,,
stamlo-5,Stamlo,5,Amlodipine 5 mg,,tablet,,,
starpress-xl-100,Starpress XL,100,Metoprolol succinate 100 mg,,tablet,,,
starpress-xl-25,Starpress XL,25,Metoprolol succinate 25 mg,,tablet,,,
starpress-xl-50,Starpress XL,50,Metoprolol succinate 50 mg,,tablet,,,
stivarga-40,Stivarga,40,Regorafenib 40 mg,,tablet,,,
storvas-10,Storvas,10,Atorvastatin 10 mg,,tablet,,,
storvas-20,Storvas,20,Atorvastatin 20 mg,,tablet,,,
storvas-40,Storvas,40,Atorvastatin 40 mg,,tablet,,,
storvas-80,Storvas,80,Atorvastatin 80 mg,,tablet,,,
stugeron-25,Stugeron,25,Cinnarizine 25 mg,,tablet,,,
sucral-1000,Sucral,1000,Sucralfate 1000 mg,,tablet,,,
suminat-100,Suminat,100,Sumatriptan 100 mg,,tablet,,,
suminat-25,Suminat,25,Sumatriptan 25 mg,,tablet,,,
suminat-50,Suminat,50,Sumatriptan 50 mg,,tablet,,,
supradyn-1,Supradyn,1,Multivitamin 1 tab,,tablet,,,
sutent-12-5,Sutent,12.5,Sunitinib 12.5 mg,,tablet,,,
sutent-25,Sutent,25,Sunitinib 25 mg,,tablet,,,
sutent-50,Sutent,50,Sunitinib 50 mg,,tablet,,,
syndopa-110,Syndopa,110,Levodopa-Carbidopa 110 mg,,tablet,,,
syndopa-275,Syndopa,275,Levodopa-Carbidopa 275 mg,,tablet,,,
t-bact-2,T-Bact,2,Mupirocin 2 %,,ointment,,,
tagrisso-40,Tagrisso,40,Osimertinib 40 mg,,tablet,,,
tagrisso-80,Tagrisso,80,Osimertinib 80 mg,,tablet,,,
talzenna-0-25,Talzenna,0.25,Talazoparib 0.25 mg,,tablet,,,
talzenna-1,Talzenna,1,Talazoparib 1 mg,,tablet,,,
tamodex-10,Tamodex,10,Tamoxifen 10 mg,,tablet,,,
tamodex-20,Tamodex,20,Tamoxifen 20 mg,,tablet,,,
tarceva-100,Tarceva,100,Erlotinib 100 mg,,tablet,,,
tarceva-150,Tarceva,150,Erlotinib 150 mg,,tablet,,,
tasigna-150,Tasigna,150,Nilotinib 150 mg,,tablet,,,
tasigna-200,Tasigna,200,Nilotinib 200 mg,,tablet,,,
taxim-o-100,Taxim O,100,Cefixime 100 mg,,tablet,,,
taxim-o-200,Taxim O,200,Cefixime 200 mg,,tablet,,,
tears-naturale-0-5,Tears Naturale,0.5,Carboxymethylcellulose (eye drop) 0.5 %,,eye drop,,,
tegretol-100,Tegretol,100,Carbamazepine 100 mg,,tablet,,,
tegretol-200,Tegretol,200,Carbamazepine 200 mg,,tablet,,,
tegretol-400,Tegretol,400,Carbamazepine 400 mg,,tablet,,,
telma-20,Telma,20,Telmisartan 20 mg,,tablet,telma,,
telma-40,Telma,40,Telmisartan 40 mg,,tablet,telma,,
telma-80,Telma,80,Telmisartan 80 mg,,tablet,telma,,
telma-am-40-10,Telma AM,40/10,Telmisartan 40 mg + Amlodipine 10 mg,COMBINATION,tablet,telsartan am; telvas am,,
telma-am-40-5,Telma AM,40/5,Telmisartan 40 mg + Amlodipine 5 mg,COMBINATION,tablet,telsartan am; telvas am,,
telma-am-80-5,Telma AM,80/5,Telmisartan 80 mg + Amlodipine 5 mg,COMBINATION,tablet,telsartan am; telvas am,,
telma-beta-40-25,Telma Beta,40/25,Telmisartan 40 mg + Metoprolol succinate 25 mg,COMBINATION,tablet,,,
telma-beta-40-50,Telma Beta,40/50,Telmisartan 40 mg + Metoprolol succinate 50 mg,COMBINATION,tablet,,,
telma-ct-40-12-5,Telma CT,40/12.5,Telmisartan 40 mg + Chlorthalidone 12.5 mg,COMBINATION,tablet,,,
telma-ct-80-12-5,Telma CT,80/12.5,Telmisartan 80 mg + Chlorthalidone 12.5 mg,COMBINATION,tablet,,,
telma-h-40-12-5,Telma H,40/12.5,Telmisartan 40 mg + Hydrochlorothiazide 12.5 mg,COMBINATION,tablet,telsartan h,,
telma-h-80-12-5,Telma H,80/12.5,Telmisartan 80 mg + Hydrochlorothiazide 12.5 mg,COMBINATION,tablet,telsartan h,,
telpres-20,Telpres,20,Telmisartan 20 mg,,tablet,,,
telpres-40,Telpres,40,Telmisartan 40 mg,,tablet,,,
telpres-80,Telpres,80,Telmisartan 80 mg,,tablet,,,
telsartan-20,Telsartan,20,Telmisartan 20 mg,,tablet,,,
telsartan-40,Telsartan,40,Telmisartan 40 mg,,tablet,,,
telsartan-80,Telsartan,80,Telmisartan 80 mg,,tablet,,,
telsartan-trio-40-5-12-5,Telsartan Trio,40/5/12.5,Telmisartan 40 mg + Amlodipine 5 mg + Chlorthalidone 12.5 mg,COMBINATION,tablet,,,
telvas-20,Telvas,20,Telmisartan 20 mg,,tablet,,,
telvas-40,Telvas,40,Telmisartan 40 mg,,tablet,,,
telvas-80,Telvas,80,Telmisartan 80 mg,,tablet,,,
tenepure-20,Tenepure,20,Teneligliptin 20 mg,,tablet,,,
tenovate-0-05,Tenovate,0.05,Clobetasol (topical) 0.05 %,,cream,,,
terbicip-250,Terbicip,250,Terbinafine (oral) 250 mg,,tablet,,,
terbinaforce-1,Terbinaforce,1,Terbinafine (topical) 1 %,,cream,,,
thalix-100,Thalix,100,Thalidomide 100 mg,,tablet,,,
thalix-50,Thalix,50,Thalidomide 50 mg,,tablet,,,
thyro3-25,Thyro3,25,Liothyronine (T3) 25 mcg,,tablet,,,
thyro3-50,Thyro3,50,Liothyronine (T3) 50 mcg,,tablet,,,
thyronorm-100,Thyronorm,100,Levothyroxine 100 mcg,,tablet,thyronorm,,
thyronorm-112,Thyronorm,112,Levothyroxine 112 mcg,,tablet,thyronorm,,
thyronorm-12-5,Thyronorm,12.5,Levothyroxine 12.5 mcg,,tablet,thyronorm,,
thyronorm-125,Thyronorm,125,Levothyroxine 125 mcg,,tablet,thyronorm,,
thyronorm-150,Thyronorm,150,Levothyroxine 150 mcg,,tablet,thyronorm,,
thyronorm-25,Thyronorm,25,Levothyroxine 25 mcg,,tablet,thyronorm,,
thyronorm-50,Thyronorm,50,Levothyroxine 50 mcg,,tablet,thyronorm,,
thyronorm-62-5,Thyronorm,62.5,Levothyroxine 62.5 mcg,,tablet,thyronorm,,
thyronorm-75,Thyronorm,75,Levothyroxine 75 mcg,,tablet,thyronorm,,
thyronorm-88,Thyronorm,88,Levothyroxine 88 mcg,,tablet,thyronorm,,
thyrox-100,Thyrox,100,Levothyroxine 100 mcg,,tablet,,,
thyrox-125,Thyrox,125,Levothyroxine 125 mcg,,tablet,,,
thyrox-25,Thyrox,25,Levothyroxine 25 mcg,,tablet,,,
thyrox-50,Thyrox,50,Levothyroxine 50 mcg,,tablet,,,
thyrox-75,Thyrox,75,Levothyroxine 75 mcg,,tablet,,,
tidomet-110,Tidomet,110,Levodopa-Carbidopa 110 mg,,tablet,,,
tidomet-275,Tidomet,275,Levodopa-Carbidopa 275 mg,,tablet,,,
timolet-0-5,Timolet,0.5,Timolol (eye drop) 0.5 %,,eye drop,,,
tiova-18,Tiova,18,Tiotropium 18 mcg,,inhaler,,,
tiova-9,Tiova,9,Tiotropium 9 mcg,,inhaler,,,
tizan-2,Tizan,2,Tizanidine 2 mg,,tablet,,,
tizan-4,Tizan,4,Tizanidine 4 mg,,tablet,,,
tonact-10,Tonact,10,Atorvastatin 10 mg,,tablet,,,
tonact-20,Tonact,20,Atorvastatin 20 mg,,tablet,,,
tonact-40,Tonact,40,Atorvastatin 40 mg,,tablet,,,
tonact-80,Tonact,80,Atorvastatin 80 mg,,tablet,,,
topamac-100,Topamac,100,Topiramate 100 mg,,tablet,,,
topamac-25,Topamac,25,Topiramate 25 mg,,tablet,,,
topamac-50,Topamac,50,Topiramate 50 mg,,tablet,,,
torleva-250,Torleva,250,Levetiracetam 250 mg,,tablet,,,
torleva-500,Torleva,500,Levetiracetam 500 mg,,tablet,,,
torleva-750,Torleva,750,Levetiracetam 750 mg,,tablet,,,
trajenta-5,Trajenta,5,Linagliptin 5 mg,,tablet,,,
tresiba-100,Tresiba,100,Insulin degludec 100 IU/mL,,injection,,,
trulicity-0-75,Trulicity,0.75,Dulaglutide 0.75 mg,,injection,,,
trulicity-1-5,Trulicity,1.5,Dulaglutide 1.5 mg,,injection,,,
udapa-10,Udapa,10,Dapagliflozin 10 mg,,tablet,,,
udapa-5,Udapa,5,Dapagliflozin 5 mg,,tablet,,,
udiliv-150,Udiliv,150,Ursodeoxycholic acid 150 mg,,tablet,,,
udiliv-300,Udiliv,300,Ursodeoxycholic acid 300 mg,,tablet,,,
ultracet-37-5,Ultracet,37.5,Tramadol 37.5 mg,,tablet,,,
uprise-d3-1000,Uprise D3,1000,Cholecalciferol 1000 IU,,tablet,,,
uprise-d3-2000,Uprise D3,2000,Cholecalciferol 2000 IU,,tablet,,,
uprise-d3-60000,Uprise D3,60000,Cholecalciferol 60000 IU,,tablet,,,
ureka-10,Ureka,10,Urea cream 10 %,,cream,,,
valparin-200,Valparin,200,Sodium valproate 200 mg,,tablet,,,
valparin-300,Valparin,300,Sodium valproate 300 mg,,tablet,,,
valparin-500,Valparin,500,Sodium valproate 500 mg,,tablet,,,
valzaar-160,Valzaar,160,Valsartan 160 mg,,tablet,,,
valzaar-40,Valzaar,40,Valsartan 40 mg,,tablet,,,
valzaar-80,Valzaar,80,Valsartan 80 mg,,tablet,,,
valzaar-h-160-12-5,Valzaar H,160/12.5,Valsartan 160 mg + Hydrochlorothiazide 12.5 mg,COMBINATION,tablet,,,
valzaar-h-80-12-5,Valzaar H,80/12.5,Valsartan 80 mg + Hydrochlorothiazide 12.5 mg,COMBINATION,tablet,,,
veenat-100,Veenat,100,Imatinib 100 mg,,tablet,imatib; glivec,,
veenat-400,Veenat,400,Imatinib 400 mg,,tablet,imatib; glivec,,
vertin-16,Vertin,16,Betahistine 16 mg,,tablet,,,
vertin-24,Vertin,24,Betahistine 24 mg,,tablet,,,
vertin-8,Vertin,8,Betahistine 8 mg,,tablet,,,
verzenio-100,Verzenio,100,Abemaciclib 100 mg,,tablet,,,
verzenio-150,Verzenio,150,Abemaciclib 150 mg,,tablet,,,
verzenio-50,Verzenio,50,Abemaciclib 50 mg,,tablet,,,
victoza-6,Victoza,6,Liraglutide 6 mg/mL,,injection,,,
vigamox-0-5,Vigamox,0.5,Moxifloxacin (eye drop) 0.5 %,,eye drop,,,
vomikind-4,Vomikind,4,Ondansetron 4 mg,,tablet,,,
vomikind-8,Vomikind,8,Ondansetron 8 mg,,tablet,,,
vomistop-10,Vomistop,10,Domperidone 10 mg,,tablet,,,
vorier-200,Vorier,200,Voriconazole 200 mg,,tablet,,,
vorier-50,Vorier,50,Voriconazole 50 mg,,tablet,,,
votrient-200,Votrient,200,Pazopanib 200 mg,,tablet,,,
votrient-400,Votrient,400,Pazopanib 400 mg,,tablet,,,
voveran-50,Voveran,50,Diclofenac 50 mg,,tablet,,,
voveran-75,Voveran,75,Diclofenac 75 mg,,tablet,,,
vymada-24-26,Vymada,24/26,Sacubitril 24 mg + Valsartan 26 mg,COMBINATION,tablet,entresto,,
vymada-49-51,Vymada,49/51,Sacubitril 49 mg + Valsartan 51 mg,COMBINATION,tablet,entresto,,
vymada-97-103,Vymada,97/103,Sacubitril 97 mg + Valsartan 103 mg,COMBINATION,tablet,entresto,,
warf-1,Warf,1,Warfarin 1 mg,,tablet,,,
warf-2,Warf,2,Warfarin 2 mg,,tablet,,,
warf-5,Warf,5,Warfarin 5 mg,,tablet,,,
wysolone-10,Wysolone,10,Prednisolone 10 mg,,tablet,,,
wysolone-20,Wysolone,20,Prednisolone 20 mg,,tablet,,,
wysolone-40,Wysolone,40,Prednisolone 40 mg,,tablet,,,
wysolone-5,Wysolone,5,Prednisolone 5 mg,,tablet,,,
xalatan-0-005,Xalatan,0.005,Latanoprost (eye drop) 0.005 %,,eye drop,,,
xalkori-200,Xalkori,200,Crizotinib 200 mg,,tablet,,,
xalkori-250,Xalkori,250,Crizotinib 250 mg,,tablet,,,
xarelto-10,Xarelto,10,Rivaroxaban 10 mg,,tablet,,,
xarelto-15,Xarelto,15,Rivaroxaban 15 mg,,tablet,,,
xarelto-2-5,Xarelto,2.5,Rivaroxaban 2.5 mg,,tablet,,,
xarelto-20,Xarelto,20,Rivaroxaban 20 mg,,tablet,,,
xeloda-500,Xeloda,500,Capecitabine 500 mg,,tablet,capecitabine,,
xtandi-40,Xtandi,40,Enzalutamide 40 mg,,tablet,,,
xyzal-5,Xyzal,5,Levocetirizine 5 mg,,tablet,,,
zejula-100,Zejula,100,Niraparib 100 mg,,tablet,,,
zinconia-50,Zinconia,50,Zinc sulphate 50 mg,,tablet,,,
zofran-4,Zofran,4,Ondansetron 4 mg,,tablet,,,
zofran-8,Zofran,8,Ondansetron 8 mg,,tablet,,,
zoloft-100,Zoloft,100,Sertraline 100 mg,,tablet,,,
zoloft-25,Zoloft,25,Sertraline 25 mg,,tablet,,,
zoloft-50,Zoloft,50,Sertraline 50 mg,,tablet,,,
zoryl-1,Zoryl,1,Glimepiride 1 mg,,tablet,,,
zoryl-2,Zoryl,2,Glimepiride 2 mg,,tablet,,,
zoryl-3,Zoryl,3,Glimepiride 3 mg,,tablet,,,
zoryl-4,Zoryl,4,Glimepiride 4 mg,,tablet,,,
zykadia-150,Zykadia,150,Ceritinib 150 mg,,tablet,,,
zytiga-250,Zytiga,250,Abiraterone 250 mg,,tablet,,,
zytiga-500,Zytiga,500,Abiraterone 500 mg,,tablet,,,